id;first_name;last_name;email;birthday date ;place;student phone;Tutor Adresse(recommanded email or telephone)
1;Carle1;san;tsimikl237@gmail.com;30/10/2000;Yaounde;696970539;696970539
2;Carle2;san;tsimikl237@gmail.com;31/10/2000;Yaounde;696970539;696970539
3;Carle3;san;tsimikl237@gmail.com;01/11/2000;Yaounde;696970539;696970539
4;Carle4;san;tsimikl237@gmail.com;02/11/2000;Yaounde;696970539;696970539
5;Carle5;san;tsimikl237@gmail.com;03/11/2000;Yaounde;696970539;696970539
6;Carle6;san;tsimikl237@gmail.com;04/11/2000;Yaounde;696970539;696970539
7;Carle7;san;tsimikl237@gmail.com;05/11/2000;Yaounde;696970539;696970539
8;Carle8;san;tsimikl237@gmail.com;06/11/2000;Yaounde;696970539;696970539
9;Carle9;san;tsimikl237@gmail.com;07/11/2000;Yaounde;696970539;696970539
10;Carle10;san;tsimikl237@gmail.com;08/11/2000;Yaounde;696970539;696970539
11;Carle11;san;tsimikl237@gmail.com;09/11/2000;Yaounde;696970539;696970539
12;Carle12;san;tsimikl237@gmail.com;10/11/2000;Yaounde;696970539;696970539
13;Carle13;san;tsimikl237@gmail.com;11/11/2000;Yaounde;696970539;696970539
14;Carle14;san;tsimikl237@gmail.com;12/11/2000;Yaounde;696970539;696970539
15;Carle15;san;tsimikl237@gmail.com;13/11/2000;Yaounde;696970539;696970539
16;Carle16;san;tsimikl237@gmail.com;14/11/2000;Yaounde;696970539;696970539
17;Carle17;san;tsimikl237@gmail.com;15/11/2000;Yaounde;696970539;696970539
18;Carle18;san;tsimikl237@gmail.com;16/11/2000;Yaounde;696970539;696970539
19;Carle19;san;tsimikl237@gmail.com;17/11/2000;Yaounde;696970539;696970539
20;Carle20;san;tsimikl237@gmail.com;18/11/2000;Yaounde;696970539;696970539
21;Carle21;san;tsimikl237@gmail.com;19/11/2000;Yaounde;696970539;696970539
22;Carle22;san;tsimikl237@gmail.com;20/11/2000;Yaounde;696970539;696970539
23;Carle23;san;tsimikl237@gmail.com;21/11/2000;Yaounde;696970539;696970539
24;Carle24;san;tsimikl237@gmail.com;22/11/2000;Yaounde;696970539;696970539
25;Carle25;san;tsimikl237@gmail.com;23/11/2000;Yaounde;696970539;696970539
26;Carle26;san;tsimikl237@gmail.com;24/11/2000;Yaounde;696970539;696970539
27;Carle27;san;tsimikl237@gmail.com;25/11/2000;Yaounde;696970539;696970539
28;Carle28;san;tsimikl237@gmail.com;26/11/2000;Yaounde;696970539;696970539
29;Carle29;san;tsimikl237@gmail.com;27/11/2000;Yaounde;696970539;696970539
30;Carle30;san;tsimikl237@gmail.com;28/11/2000;Yaounde;696970539;696970539
31;Carle31;san;tsimikl237@gmail.com;29/11/2000;Yaounde;696970539;696970539
32;Carle32;san;tsimikl237@gmail.com;30/11/2000;Yaounde;696970539;696970539
33;Carle33;san;tsimikl237@gmail.com;01/12/2000;Yaounde;696970539;696970539
34;Carle34;san;tsimikl237@gmail.com;02/12/2000;Yaounde;696970539;696970539
35;Carle35;san;tsimikl237@gmail.com;03/12/2000;Yaounde;696970539;696970539
36;Carle36;san;tsimikl237@gmail.com;04/12/2000;Yaounde;696970539;696970539
37;Carle37;san;tsimikl237@gmail.com;05/12/2000;Yaounde;696970539;696970539
38;Carle38;san;tsimikl237@gmail.com;06/12/2000;Yaounde;696970539;696970539
39;Carle39;san;tsimikl237@gmail.com;07/12/2000;Yaounde;696970539;696970539
40;Carle40;san;tsimikl237@gmail.com;08/12/2000;Yaounde;696970539;696970539
41;Carle41;san;tsimikl237@gmail.com;09/12/2000;Yaounde;696970539;696970539
42;Carle42;san;tsimikl237@gmail.com;10/12/2000;Yaounde;696970539;696970539
43;Carle43;san;tsimikl237@gmail.com;11/12/2000;Yaounde;696970539;696970539
44;Carle44;san;tsimikl237@gmail.com;12/12/2000;Yaounde;696970539;696970539
45;Carle45;san;tsimikl237@gmail.com;13/12/2000;Yaounde;696970539;696970539
46;Carle46;san;tsimikl237@gmail.com;14/12/2000;Yaounde;696970539;696970539
47;Carle47;san;tsimikl237@gmail.com;15/12/2000;Yaounde;696970539;696970539
48;Carle48;san;tsimikl237@gmail.com;16/12/2000;Yaounde;696970539;696970539
49;Carle49;san;tsimikl237@gmail.com;17/12/2000;Yaounde;696970539;696970539
50;Carle50;san;tsimikl237@gmail.com;18/12/2000;Yaounde;696970539;696970539
51;Carle51;san;tsimikl237@gmail.com;19/12/2000;Yaounde;696970539;696970539
52;Carle52;san;tsimikl237@gmail.com;20/12/2000;Yaounde;696970539;696970539
53;Carle53;san;tsimikl237@gmail.com;21/12/2000;Yaounde;696970539;696970539
54;Carle54;san;tsimikl237@gmail.com;22/12/2000;Yaounde;696970539;696970539
55;Carle55;san;tsimikl237@gmail.com;23/12/2000;Yaounde;696970539;696970539
56;Carle56;san;tsimikl237@gmail.com;24/12/2000;Yaounde;696970539;696970539
57;Carle57;san;tsimikl237@gmail.com;25/12/2000;Yaounde;696970539;696970539
58;Carle58;san;tsimikl237@gmail.com;26/12/2000;Yaounde;696970539;696970539
59;Carle59;san;tsimikl237@gmail.com;27/12/2000;Yaounde;696970539;696970539
60;Carle60;san;tsimikl237@gmail.com;28/12/2000;Yaounde;696970539;696970539
61;Carle61;san;tsimikl237@gmail.com;29/12/2000;Yaounde;696970539;696970539
62;Carle62;san;tsimikl237@gmail.com;30/12/2000;Yaounde;696970539;696970539
63;Carle63;san;tsimikl237@gmail.com;31/12/2000;Yaounde;696970539;696970539
64;Carle64;san;tsimikl237@gmail.com;01/01/2001;Yaounde;696970539;696970539
65;Carle65;san;tsimikl237@gmail.com;02/01/2001;Yaounde;696970539;696970539